index,step,timestamp,version,cpu_user,cpu_system,cpu_user_system,cpu_idle,cpu_iowait,memory_ram,memory_swap,memory_ram_swap,disk_read_count,disk_write_count,disk_read_bytes,disk_write_bytes,disk_read_time,disk_write_time,disk_busy_time,network_received_count,network_sent_count,network_received_bytes,network_sent_bytes,network_received_error,network_sent_error,network_received_drop,network_sent_drop
1,1,0.0,2,0.0,0.0,0.0,0.0,0.0,0,0,0,0,0,0,0,0,0,0,0,0,0,0,0,0,0,0
2,1,0.1026,2,0.07,0.07,0.14,0.68,0.0,5106929664,3648520192,8755449856,3,0,12288,0,0,0,1,0,0,0,0,0,0,0,0
3,1,0.2045,2,0.1,0.1,0.2,1.42,0.0,5109342208,3648520192,8757862400,3,0,12288,0,0,0,1,0,0,0,0,0,0,0,0
4,1,0.3099,2,0.11,0.11,0.22,2.24,0.0,5109342208,3648520192,8757862400,3,0,12288,0,0,0,1,0,0,0,0,0,0,0,0
5,1,0.4154,2,0.11,0.11,0.22,3.07,0.0,5109342208,3648520192,8757862400,3,0,12288,0,0,0,1,0,0,0,0,0,0,0,0
6,1,0.5215,2,0.14,0.13,0.27,3.86,0.01,5109338112,3648520192,8757858304,5,0,20480,0,16,0,19,0,0,0,0,0,0,0,0
7,1,0.6238,2,0.17,0.13,0.30000000000000004,4.63,0.01,5109338112,3648520192,8757858304,5,0,20480,0,16,0,19,0,0,0,0,0,0,0,0
8,1,0.7296,2,0.18,0.14,0.32,5.46,0.01,5109338112,3648520192,8757858304,5,0,20480,0,16,0,19,0,0,0,0,0,0,0,0
9,1,0.8349,2,0.21,0.15,0.36,6.26,0.01,5109587968,3648520192,8758108160,5,0,20480,0,16,0,19,0,0,0,0,0,0,0,0
10,1,0.9404,2,0.29,0.17,0.45999999999999996,6.99,0.02,5111128064,3648520192,8759648256,7,0,28672,0,31,0,36,0,0,0,0,0,0,0,0
11,1,1.0478,2,0.32,0.2,0.52,7.76,0.02,5111484416,3648520192,8760004608,11,0,45056,0,36,0,46,0,0,0,0,0,0,0,0
12,1,1.1503,2,0.37,0.21,0.58,8.52,0.02,5111484416,3648520192,8760004608,11,0,45056,0,36,0,46,0,0,0,0,0,0,0,0
13,1,1.2529,2,0.44,0.27,0.71,9.2,0.02,5112000512,3648520192,8760520704,11,0,45056,0,36,0,46,0,0,0,0,0,0,0,0
14,1,1.3543,2,0.51,0.34,0.8500000000000001,9.83,0.04,5113032704,3648520192,8761552896,13,38,53248,319488,36,50,92,0,0,0,0,0,0,0,0
15,1,1.4575,2,0.58,0.39,0.97,10.53,0.04,5114064896,3648520192,8762585088,14,38,57344,319488,36,50,93,0,0,0,0,0,0,0,0
16,1,1.5631,2,0.62,0.43,1.05,11.28,0.04,5114064896,3648520192,8762585088,15,38,61440,319488,36,50,94,0,0,0,0,0,0,0,0
17,1,1.6688,2,0.76,0.46,1.22,11.91,0.04,5112872960,3648520192,8761393152,35,64,241664,442368,79,50,112,0,0,0,0,0,0,0,0
18,1,1.7706,2,0.84,0.49,1.33,12.63,0.04,5118713856,3648520192,8767234048,35,64,241664,442368,79,50,112,1,1,130,70,0,0,0,0
19,1,1.8752,2,0.95,0.53,1.48,13.29,0.04,5118148608,3648520192,8766668800,35,64,241664,442368,79,50,112,1,1,130,70,0,0,0,0
20,1,1.9818,2,1.04,0.55,1.59,14.01,0.04,5118148608,3648520192,8766668800,35,64,241664,442368,79,50,112,1,1,130,70,0,0,0,0
21,1,2.087,2,1.06,0.59,1.65,14.78,0.04,5118148608,3648520192,8766668800,35,64,241664,442368,79,50,112,1,1,130,70,0,0,0,0
22,1,2.1929,2,1.18,0.64,1.8199999999999998,15.45,0.04,5119602688,3648520192,8768122880,49,64,299008,442368,80,50,120,1,1,130,70,0,0,0,0
23,1,2.3012,2,1.47,0.7,2.17,15.94,0.04,5125099520,3648520192,8773619712,51,64,307200,442368,80,50,122,2,3,200,382,0,0,0,0
24,1,2.4028,2,1.57,0.73,2.3,16.62,0.04,5125955584,3648520192,8774475776,51,64,307200,442368,80,50,122,4,4,447,452,0,0,0,0
25,1,2.5061,2,1.69,0.79,2.48,17.25,0.04,5125890048,3648520192,8774410240,51,64,307200,442368,80,50,122,6,6,643,646,0,0,0,0
26,1,2.6086,2,1.77,0.86,2.63,17.92,0.04,5117337600,3648520192,8765857792,51,64,307200,442368,80,50,122,7,8,769,840,0,0,0,0
27,1,2.7104,2,1.85,0.91,2.7600000000000002,18.58,0.05,5117292544,3648520192,8765812736,58,64,385024,442368,97,50,131,10,12,1735,1179,0,0,0,0
28,1,2.8122,2,1.97,0.93,2.9,19.26,0.05,5119086592,3648520192,8767606784,58,64,385024,442368,97,50,131,17,21,2940,3759,0,0,0,0
29,1,2.9141,2,2.02,0.94,2.96,19.99,0.05,5119213568,3648520192,8767733760,58,64,385024,442368,97,50,131,18,21,3010,3759,0,0,0,0
30,1,3.0194,2,2.11,0.98,3.09,20.69,0.05,5119213568,3648520192,8767733760,58,64,385024,442368,97,50,131,18,21,3010,3759,0,0,0,0
31,1,3.1246,2,2.22,1.01,3.2300000000000004,21.38,0.05,5119213568,3648520192,8767733760,58,64,385024,442368,97,50,131,18,21,3010,3759,0,0,0,0
32,1,3.2304,2,2.34,1.05,3.3899999999999997,22.01,0.06,5119754240,3648520192,8768274432,114,64,1302528,442368,118,50,169,18,21,3010,3759,0,0,0,0
33,1,3.3335,2,2.4,1.07,3.4699999999999998,22.75,0.06,5119639552,3648520192,8768159744,114,64,1302528,442368,118,50,169,18,21,3010,3759,0,0,0,0
34,1,3.4388,2,2.51,1.12,3.63,23.41,0.06,5119574016,3648520192,8768094208,121,64,1331200,442368,118,50,173,33,36,5245,7035,0,0,0,0
35,1,3.5453,2,2.64,1.18,3.8200000000000003,24.05,0.06,5118500864,3648520192,8767021056,152,64,1507328,442368,147,50,197,34,36,5847,7035,0,0,0,0
36,1,3.6502,2,2.75,1.19,3.94,24.74,0.06,5121011712,3648520192,8769531904,152,64,1507328,442368,147,50,197,34,37,5847,7105,0,0,0,0
37,1,3.7523,2,2.85,1.24,4.09,25.4,0.06,5121011712,3648520192,8769531904,155,64,1519616,442368,147,50,198,34,37,5847,7105,0,0,0,0
38,1,3.8541,2,2.93,1.31,4.24,26.07,0.06,5121007616,3648520192,8769527808,155,64,1519616,442368,147,50,198,35,37,5937,7105,0,0,0,0
39,1,3.9559,2,2.99,1.36,4.3500000000000005,26.76,0.06,5121007616,3648520192,8769527808,164,64,1556480,442368,147,50,199,35,37,5937,7105,0,0,0,0
40,1,4.0593,2,3.1,1.38,4.48,27.44,0.06,5121273856,3648520192,8769794048,164,64,1556480,442368,147,50,199,35,37,5937,7105,0,0,0,0
41,1,4.1626,2,3.17,1.4,4.57,28.16,0.06,5121564672,3648520192,8770084864,164,64,1556480,442368,147,50,199,36,39,6046,7284,0,0,0,0
42,1,4.2702,2,3.26,1.49,4.75,28.83,0.07,5124976640,3648520192,8773496832,185,92,1863680,7782400,163,65,240,46,45,7110,8142,0,0,0,0
43,1,4.3718,2,3.32,1.59,4.91,29.47,0.07,5129342976,3648520192,8777863168,227,1246,2379776,63217664,166,170,351,62,60,16487,12774,0,0,0,0
44,1,4.4735,2,3.33,1.59,4.92,30.26,0.07,5129342976,3648520192,8777863168,227,1246,2379776,63217664,166,170,351,64,60,16961,12774,0,0,0,0
45,1,4.5787,2,3.35,1.6,4.95,31.07,0.07,5129342976,3648520192,8777863168,227,1246,2379776,63217664,166,170,351,64,60,16961,12774,0,0,0,0
46,1,4.6837,2,3.37,1.6,4.970000000000001,31.87,0.07,5129342976,3648520192,8777863168,227,1246,2379776,63217664,166,170,351,64,60,16961,12774,0,0,0,0
47,1,4.789,2,3.38,1.61,4.99,32.69,0.07,5129342976,3648520192,8777863168,227,1246,2379776,63217664,166,170,351,65,61,17091,12844,0,0,0,0
48,1,4.8943,2,3.4,1.61,5.01,33.5,0.07,5129342976,3648520192,8777863168,227,1246,2379776,63217664,166,170,351,65,61,17091,12844,0,0,0,0
49,1,4.9993,2,3.46,1.66,5.12,34.23,0.07,5129859072,3648520192,8778379264,227,1246,2379776,63217664,166,170,351,65,61,17091,12844,0,0,0,0
50,1,5.1018,2,3.51,1.71,5.22,34.92,0.07,5130117120,3648520192,8778637312,227,1246,2379776,63217664,166,170,351,65,61,17091,12844,0,0,0,0
51,1,5.204,2,3.57,1.77,5.34,35.59,0.07,5129490432,3648520192,8778010624,227,1246,2379776,63217664,166,170,351,65,61,17091,12844,0,0,0,0
52,1,5.3063,2,3.64,1.8,5.44,36.29,0.08,5129682944,3648520192,8778203136,229,1262,2412544,63602688,166,250,369,66,62,17185,12942,0,0,0,0
53,1,5.4115,2,3.69,1.82,5.51,37.05,0.08,5129682944,3648520192,8778203136,229,1262,2412544,63602688,166,250,369,67,62,17255,12942,0,0,0,0
54,1,5.5167,2,3.7,1.82,5.5200000000000005,37.87,0.08,5129682944,3648520192,8778203136,230,1262,2416640,63602688,166,250,370,67,62,17255,12942,0,0,0,0
55,1,5.6219,2,3.73,1.83,5.5600000000000005,38.67,0.08,5129682944,3648520192,8778203136,230,1262,2416640,63602688,166,250,370,67,62,17255,12942,0,0,0,0
56,1,5.7272,2,3.77,1.85,5.62,39.45,0.08,5129682944,3648520192,8778203136,230,1262,2416640,63602688,166,250,370,67,62,17255,12942,0,0,0,0
57,1,5.8325,2,3.77,1.85,5.62,40.28,0.08,5129682944,3648520192,8778203136,230,1262,2416640,63602688,166,250,370,69,64,17395,13082,0,0,0,0
58,1,5.9386,2,3.84,1.88,5.72,40.99,0.11,5129437184,3648520192,8777957376,230,1339,2416640,64249856,166,327,450,69,64,17395,13082,0,0,0,0
59,1,6.044,2,3.84,1.88,5.72,41.83,0.11,5129437184,3648520192,8777957376,230,1339,2416640,64249856,166,327,450,69,64,17395,13082,0,0,0,0
60,1,6.1501,2,3.85,1.89,5.74,42.65,0.11,5129437184,3648520192,8777957376,230,1339,2416640,64249856,166,327,450,69,64,17395,13082,0,0,0,0
61,1,6.2551,2,3.92,1.96,5.88,43.33,0.11,5125566464,3648520192,8774086656,230,1339,2416640,64249856,166,327,450,69,64,17395,13082,0,0,0,0
62,1,6.3573,2,3.98,2.02,6.0,44.0,0.11,5127110656,3648520192,8775630848,230,1339,2416640,64249856,166,327,450,70,65,17465,13152,0,0,0,0
63,1,6.4598,2,4.05,2.07,6.119999999999999,44.69,0.11,5119725568,3648520192,8768245760,233,1339,2428928,64249856,166,327,451,70,65,17465,13152,0,0,0,0
64,1,6.5622,2,4.09,2.09,6.18,45.44,0.11,5119725568,3648520192,8768245760,233,1339,2428928,64249856,166,327,451,70,65,17465,13152,0,0,0,0
65,1,6.6674,2,4.23,2.13,6.36,46.08,0.11,5119442944,3648258048,8767700992,235,1339,2437120,64249856,166,327,453,70,65,17465,13152,0,0,0,0
66,1,6.7699,2,4.57,2.2,6.7700000000000005,46.47,0.11,5118812160,3633053696,8751865856,4272,1339,18972672,64249856,186,327,502,70,65,17465,13152,0,0,0,0
67,1,6.8714,2,4.62,2.22,6.84,47.21,0.11,5118812160,3633053696,8751865856,4272,1339,18972672,64249856,186,327,502,70,65,17465,13152,0,0,0,0
68,1,6.9764,2,4.68,2.25,6.93,47.94,0.11,5119328256,3633053696,8752381952,4273,1339,18976768,64249856,186,327,503,70,65,17465,13152,0,0,0,0
69,1,7.0791,2,4.76,2.28,7.039999999999999,48.62,0.11,5119328256,3633053696,8752381952,4273,1339,18976768,64249856,186,327,503,70,65,17465,13152,0,0,0,0
70,1,7.1848,2,4.83,2.29,7.12,49.35,0.11,5119938560,3633053696,8752992256,4279,1339,19001344,64249856,186,327,519,75,72,17900,13857,0,0,0,0
71,1,7.2907,2,4.91,2.32,7.23,50.06,0.11,5121978368,3633053696,8755032064,4281,1339,19034112,64249856,200,327,521,79,74,18388,14036,0,0,0,0
72,1,7.3962,2,5.09,2.37,7.46,50.65,0.11,5121929216,3633053696,8754982912,4289,1339,19066880,64249856,200,327,526,81,75,18552,14134,0,0,0,0
73,1,7.4981,2,5.34,2.44,7.779999999999999,51.14,0.12,5123784704,3625451520,8749236224,6158,1339,30601216,64249856,283,327,609,91,91,20343,17513,0,0,0,0
74,1,7.5996,2,5.48,2.53,8.01,51.71,0.12,5129023488,3625189376,8754212864,6224,1339,30896128,64249856,285,327,626,96,93,23216,17653,0,0,0,0
75,1,7.701,2,5.57,2.58,8.15,52.38,0.12,5130252288,3625189376,8755441664,6225,1339,30900224,64249856,285,327,627,96,93,23216,17653,0,0,0,0
76,1,7.8025,2,5.66,2.6,8.26,53.06,0.12,5130743808,3625189376,8755933184,6263,1339,31055872,64249856,285,327,632,97,94,23346,17723,0,0,0,0
77,1,7.9062,2,5.78,2.65,8.43,53.68,0.12,5131870208,3624665088,8756535296,6473,1339,31916032,64249856,288,327,652,97,94,23346,17723,0,0,0,0
78,1,8.01,2,5.91,2.7,8.61,54.33,0.12,5131870208,3624665088,8756535296,6477,1339,31932416,64249856,288,327,655,97,94,23346,17723,0,0,0,0
79,1,8.1179,2,6.0,2.73,8.73,55.05,0.12,5131870208,3624665088,8756535296,6477,1339,31932416,64249856,288,327,655,97,94,23346,17723,0,0,0,0
80,1,8.2229,2,6.04,2.75,8.79,55.81,0.12,5131862016,3624665088,8756527104,6477,1339,31932416,64249856,288,327,655,97,94,23346,17723,0,0,0,0
81,1,8.3282,2,6.06,2.77,8.83,56.6,0.12,5131845632,3624665088,8756510720,6478,1339,31936512,64249856,288,327,656,97,94,23346,17723,0,0,0,0
82,1,8.4335,2,6.07,2.78,8.85,57.43,0.12,5131845632,3624665088,8756510720,6478,1339,31936512,64249856,288,327,656,97,94,23346,17723,0,0,0,0
83,1,8.5391,2,6.09,2.78,8.87,58.24,0.12,5132644352,3624665088,8757309440,6478,1339,31936512,64249856,288,327,656,97,94,23346,17723,0,0,0,0
84,1,8.645,2,6.11,2.78,8.89,59.06,0.12,5132644352,3624665088,8757309440,6478,1339,31936512,64249856,288,327,656,97,94,23346,17723,0,0,0,0
85,1,8.75,2,6.25,2.86,9.11,59.66,0.12,5136089088,3623878656,8759967744,6612,1339,32485376,64249856,288,327,669,97,94,23346,17723,0,0,0,0
86,1,8.8551,2,6.49,2.94,9.43,60.15,0.13,5144776704,3620732928,8765509632,7412,1887,35762176,66691072,296,2239,756,97,94,23346,17723,0,0,0,0
87,1,8.9573,2,6.76,2.99,9.75,60.64,0.13,5149659136,3615752192,8765411328,8752,1929,41250816,67043328,299,2269,855,97,94,23346,17723,0,0,0,0
88,1,9.0592,2,6.92,3.0,9.92,61.29,0.13,5149773824,3615227904,8765001728,8898,1929,41848832,67043328,300,2269,879,97,94,23346,17723,0,0,0,0
89,1,9.1612,2,7.13,3.01,10.14,61.87,0.13,5155692544,3614703616,8770396160,9017,1929,42336256,67043328,300,2269,908,97,94,23346,17723,0,0,0,0
90,1,9.2629,2,7.33,3.06,10.39,62.42,0.14,5166600192,3613655040,8780255232,9261,1929,43950080,67043328,335,2269,983,102,100,24004,18287,0,0,0,0
91,1,9.3648,2,7.49,3.1,10.59,63.01,0.14,5164118016,3613655040,8777773056,9294,1953,50638848,67141632,378,2269,1018,296,177,307804,26302,0,0,0,0
92,1,9.4665,2,7.67,3.16,10.83,63.57,0.14,5174931456,3613655040,8788586496,9339,2047,50823168,67526656,378,2275,1106,2456,396,3498553,41904,0,0,0,0
93,1,9.5684,2,7.8,3.18,10.98,64.23,0.15,5172109312,3613655040,8785764352,9339,2097,50823168,67731456,378,2279,1132,3282,468,4668344,46944,0,0,0,0
94,1,9.6701,2,7.8,3.19,10.99,65.04,0.15,5172109312,3613655040,8785764352,9339,2097,50823168,67731456,378,2279,1132,3282,468,4668344,46944,0,0,0,0
95,1,9.7754,2,7.81,3.19,11.0,65.86,0.15,5172109312,3613655040,8785764352,9339,2097,50823168,67731456,378,2279,1132,3282,468,4668344,46944,0,0,0,0
96,1,9.8807,2,7.84,3.2,11.04,66.65,0.15,5173383168,3613655040,8787038208,9339,2097,50823168,67731456,378,2279,1132,3285,470,4669782,47601,0,0,0,0
97,1,9.9886,2,7.91,3.26,11.17,67.37,0.15,5173899264,3613655040,8787554304,9339,2097,50823168,67731456,378,2279,1132,3285,470,4669782,47601,0,0,0,0
98,1,10.0929,2,7.97,3.33,11.3,68.06,0.15,5175189504,3613655040,8788844544,9342,2097,50835456,67731456,378,2279,1133,3285,470,4669782,47601,0,0,0,0
99,1,10.1961,2,8.04,3.39,11.43,68.74,0.15,5175771136,3613655040,8789426176,9342,2097,50835456,67731456,378,2279,1133,3285,470,4669782,47601,0,0,0,0
100,1,10.2997,2,8.13,3.47,11.600000000000001,69.4,0.15,5176029184,3613655040,8789684224,9344,2097,50843648,67731456,378,2279,1134,3285,470,4669782,47601,0,0,0,0
101,1,10.4033,2,8.15,3.49,11.64,70.18,0.15,5176029184,3613655040,8789684224,9344,2097,50843648,67731456,378,2279,1134,3285,470,4669782,47601,0,0,0,0
102,1,10.5089,2,8.18,3.5,11.68,70.97,0.15,5176233984,3613655040,8789889024,9344,2097,50843648,67731456,378,2279,1134,3285,470,4669782,47601,0,0,0,0
103,1,10.6141,2,8.21,3.51,11.72,71.77,0.15,5176233984,3613655040,8789889024,9347,2097,50855936,67731456,378,2279,1137,3285,470,4669782,47601,0,0,0,0
104,1,10.7192,2,8.22,3.51,11.73,72.58,0.15,5178462208,3613655040,8792117248,9348,2097,50860032,67731456,378,2279,1138,3285,470,4669782,47601,0,0,0,0
105,1,10.8243,2,8.23,3.52,11.75,73.4,0.15,5178462208,3613655040,8792117248,9348,2097,50860032,67731456,378,2279,1138,3286,471,4669912,47671,0,0,0,0
106,1,10.9294,2,8.25,3.52,11.77,74.21,0.15,5178462208,3613655040,8792117248,9351,2097,50872320,67731456,378,2279,1140,3286,471,4669912,47671,0,0,0,0
107,1,11.0346,2,8.27,3.53,11.799999999999999,75.01,0.15,5178462208,3613655040,8792117248,9353,2097,50880512,67731456,378,2279,1141,3286,471,4669912,47671,0,0,0,0
108,1,11.1403,2,8.31,3.54,11.850000000000001,75.79,0.15,5178925056,3613655040,8792580096,9353,2097,50880512,67731456,378,2279,1141,3286,471,4669912,47671,0,0,0,0
109,1,11.2515,2,8.33,3.55,11.879999999999999,76.65,0.15,5179928576,3613655040,8793583616,9353,2097,50880512,67731456,378,2279,1141,3286,471,4669912,47671,0,0,0,0
110,1,11.3569,2,8.38,3.58,11.96,77.4,0.15,5180182528,3613655040,8793837568,9353,2097,50880512,67731456,378,2279,1141,3286,471,4669912,47671,0,0,0,0
111,1,11.4637,2,8.46,3.65,12.110000000000001,78.1,0.15,5179408384,3613655040,8793063424,9353,2097,50880512,67731456,378,2279,1141,3286,471,4669912,47671,0,0,0,0
112,1,11.5658,2,8.52,3.7,12.219999999999999,78.78,0.15,5179924480,3613655040,8793579520,9354,2097,50884608,67731456,378,2279,1142,3286,471,4669912,47671,0,0,0,0
113,1,11.6684,2,8.58,3.75,12.33,79.48,0.15,5172056064,3613655040,8785711104,9358,2097,50900992,67731456,378,2279,1143,3286,471,4669912,47671,0,0,0,0
114,1,11.7744,2,8.6,3.75,12.35,80.3,0.15,5172056064,3613655040,8785711104,9358,2097,50900992,67731456,378,2279,1143,3286,471,4669912,47671,0,0,0,0
115,1,11.8799,2,8.61,3.75,12.36,81.12,0.15,5172056064,3613655040,8785711104,9358,2097,50900992,67731456,378,2279,1143,3286,471,4669912,47671,0,0,0,0
116,1,11.9861,2,8.66,3.77,12.43,81.88,0.15,5172056064,3613655040,8785711104,9358,2097,50900992,67731456,378,2279,1143,3286,471,4669912,47671,0,0,0,0
117,1,12.0917,2,8.82,3.84,12.66,82.46,0.15,5170835456,3613655040,8784490496,9362,2097,50917376,67731456,378,2279,1146,3286,471,4669912,47671,0,0,0,0
118,1,12.1972,2,8.99,3.91,12.9,83.04,0.16,5172506624,3613130752,8785637376,9605,2097,52084736,67731456,411,2279,1188,3286,471,4669912,47671,0,0,0,0
119,1,12.3033,2,9.03,3.98,13.01,83.75,0.17,5172379648,3613130752,8785510400,10300,2097,55865344,67731456,630,2279,1254,3286,471,4669912,47671,0,0,0,0
120,1,12.4081,2,9.04,3.98,13.02,84.57,0.17,5172379648,3613130752,8785510400,10300,2097,55865344,67731456,630,2279,1254,3286,471,4669912,47671,0,0,0,0
121,1,12.5133,2,9.07,4.0,13.07,85.34,0.18,5172891648,3613130752,8786022400,10309,2097,55902208,67731456,645,2279,1273,3287,473,4670038,47865,0,0,0,0
122,1,12.6187,2,9.16,4.01,13.17,86.08,0.18,5198180352,3613130752,8811311104,10309,2097,55902208,67731456,645,2279,1273,3288,475,4670164,48059,0,0,0,0
123,1,12.7202,2,9.22,4.07,13.290000000000001,86.78,0.18,5201534976,3613130752,8814665728,10324,2097,55963648,67731456,645,2279,1276,3288,475,4670164,48059,0,0,0,0
124,1,12.8225,2,9.31,4.13,13.440000000000001,87.43,0.18,5203083264,3613130752,8816214016,10324,2097,55963648,67731456,645,2279,1276,3289,477,4670290,48253,0,0,0,0
125,1,12.9251,2,9.46,4.21,13.670000000000002,88.0,0.18,5204631552,3613130752,8817762304,10326,2097,55971840,67731456,645,2279,1277,3289,477,4670290,48253,0,0,0,0
126,1,13.0273,2,9.55,4.24,13.790000000000001,88.69,0.18,5207293952,3610509312,8817803264,10957,2097,58556416,67731456,646,2279,1285,3289,477,4670290,48253,0,0,0,0
127,1,13.1311,2,9.62,4.26,13.879999999999999,89.42,0.18,5207683072,3610509312,8818192384,10959,2097,58564608,67731456,646,2279,1286,3289,477,4670290,48253,0,0,0,0
128,1,13.2365,2,9.66,4.27,13.93,90.21,0.18,5207683072,3609722880,8817405952,11139,2097,59301888,67731456,650,2279,1296,3289,477,4670290,48253,0,0,0,0
129,1,13.3403,2,9.66,4.28,13.940000000000001,91.03,0.18,5207683072,3609722880,8817405952,11139,2097,59301888,67731456,650,2279,1296,3289,477,4670290,48253,0,0,0,0
130,1,13.4454,2,9.67,4.28,13.95,91.85,0.18,5207683072,3609722880,8817405952,11139,2097,59301888,67731456,650,2279,1296,3289,477,4670290,48253,0,0,0,0
131,1,13.5505,2,9.68,4.28,13.96,92.68,0.18,5207883776,3609722880,8817606656,11139,2097,59301888,67731456,650,2279,1296,3290,477,4671482,48253,0,0,0,0
132,1,13.6579,2,9.78,4.31,14.09,93.38,0.18,5202948096,3609722880,8812670976,11144,2097,59322368,67731456,650,2279,1300,3292,479,4671950,49708,0,0,0,0
133,1,13.7643,2,9.93,4.36,14.29,94.0,0.18,5203922944,3609722880,8813645824,11152,2097,59355136,67731456,650,2279,1304,3293,479,4672020,49708,0,0,0,0
134,1,13.8659,2,10.0,4.38,14.379999999999999,94.73,0.18,5204180992,3609722880,8813903872,11156,2097,59371520,67731456,650,2279,1306,3294,480,4672150,49778,0,0,0,0
135,1,13.969,2,10.14,4.44,14.580000000000002,95.32,0.18,5205213184,3609722880,8814936064,11156,2097,59371520,67731456,650,2279,1306,3294,480,4672150,49778,0,0,0,0
136,1,14.0716,2,10.21,4.51,14.72,95.98,0.18,5205901312,3609722880,8815624192,11157,2097,59375616,67731456,650,2279,1307,3294,480,4672150,49778,0,0,0,0
137,1,14.1735,2,10.25,4.56,14.809999999999999,96.7,0.18,5206933504,3609722880,8816656384,11157,2097,59375616,67731456,650,2279,1307,3294,480,4672150,49778,0,0,0,0
138,1,14.276,2,10.27,4.59,14.86,97.46,0.18,5206908928,3609722880,8816631808,11163,2097,59424768,67731456,664,2279,1327,3294,480,4672150,49778,0,0,0,0
139,1,14.3785,2,10.28,4.59,14.87,98.26,0.19,5206806528,3609722880,8816529408,11165,2105,59457536,67805184,667,2285,1339,3294,480,4672150,49778,0,0,0,0
140,1,14.4837,2,10.29,4.59,14.879999999999999,99.07,0.19,5206806528,3609722880,8816529408,11165,2105,59457536,67805184,667,2285,1339,3294,480,4672150,49778,0,0,0,0
141,1,14.5889,2,10.31,4.6,14.91,99.89,0.19,5206806528,3609722880,8816529408,11165,2105,59457536,67805184,667,2285,1339,3294,480,4672150,49778,0,0,0,0
142,1,14.6938,2,10.45,4.63,15.079999999999998,100.53,0.2,5212254208,3609722880,8821977088,11510,2109,61505536,67821568,741,2287,1392,3375,498,4785132,51395,0,0,0,0
143,1,14.7954,2,10.56,4.64,15.2,101.22,0.21,5213417472,3607887872,8821305344,11998,2119,64421888,67903488,749,2290,1452,3376,498,4785202,51395,0,0,0,0
144,1,14.8968,2,10.58,4.66,15.24,101.98,0.22,5215756288,3607887872,8823644160,11998,2123,64421888,67919872,749,2311,1462,3498,515,4955891,52585,0,0,0,0
145,2,15.002,2,10.58,4.67,15.25,102.79,0.22,5215678464,3607887872,8823566336,12006,2127,64454656,67936256,750,2339,1484,3498,515,4955891,52585,0,0,0,0
146,2,15.1073,2,10.59,4.68,15.27,103.62,0.22,5215678464,3607887872,8823566336,12006,2127,64454656,67936256,750,2339,1484,3498,515,4955891,52585,0,0,0,0
147,2,15.2127,2,10.65,4.74,15.39,104.33,0.23,5218217984,3607887872,8826105856,12009,2127,64491520,67936256,765,2339,1502,3503,519,4956449,53021,0,0,0,0
148,2,15.3177,2,10.71,4.79,15.5,105.03,0.23,5219246080,3607887872,8827133952,12009,2127,64491520,67936256,765,2339,1502,3503,519,4956449,53021,0,0,0,0
149,2,15.4201,2,10.77,4.85,15.62,105.72,0.23,5219246080,3607887872,8827133952,12009,2127,64491520,67936256,765,2339,1502,3503,519,4956449,53021,0,0,0,0
150,2,15.5229,2,10.81,4.89,15.7,106.42,0.24,5219667968,3607887872,8827555840,12009,2179,64491520,68378624,765,2376,1544,3510,528,4958128,55481,0,0,0,0
151,2,15.6261,2,10.83,4.9,15.73,107.2,0.24,5219639296,3607887872,8827527168,12009,2179,64491520,68378624,765,2376,1544,3510,529,4958128,55551,0,0,0,0
152,2,15.7311,2,10.85,4.92,15.77,107.99,0.25,5219667968,3607887872,8827555840,12011,2179,64499712,68378624,779,2376,1560,3510,529,4958128,55551,0,0,0,0
153,2,15.8379,2,10.87,4.92,15.79,108.81,0.25,5219667968,3607887872,8827555840,12011,2179,64499712,68378624,779,2376,1560,3510,529,4958128,55551,0,0,0,0
154,2,15.9433,2,10.89,4.93,15.82,109.62,0.25,5219667968,3607625728,8827293696,12012,2179,64503808,68378624,779,2376,1561,3510,529,4958128,55551,0,0,0,0
155,2,16.0496,2,10.9,4.94,15.84,110.45,0.25,5221961728,3607625728,8829587456,12012,2179,64503808,68378624,779,2376,1561,3512,531,4958268,55691,0,0,0,0
156,2,16.155,2,10.91,4.94,15.850000000000001,111.28,0.25,5221961728,3607625728,8829587456,12012,2179,64503808,68378624,779,2376,1561,3512,531,4958268,55691,0,0,0,0
157,2,16.261,2,10.91,4.96,15.870000000000001,112.1,0.25,5202796544,3607625728,8810422272,12012,2179,64503808,68378624,779,2376,1561,3512,531,4958268,55691,0,0,0,0
158,2,16.364,2,10.92,4.96,15.879999999999999,112.91,0.25,5202796544,3607625728,8810422272,12012,2179,64503808,68378624,779,2376,1561,3512,531,4958268,55691,0,0,0,0
159,2,16.4692,2,10.94,4.97,15.91,113.71,0.25,5202796544,3607625728,8810422272,12012,2179,64503808,68378624,779,2376,1561,3512,531,4958268,55691,0,0,0,0
160,2,16.5742,2,11.03,5.04,16.07,114.39,0.25,5203312640,3607625728,8810938368,12012,2179,64503808,68378624,779,2376,1561,3513,532,4958338,55761,0,0,0,0
161,2,16.6799,2,11.09,5.1,16.189999999999998,115.09,0.25,5203570688,3607625728,8811196416,12015,2179,64516096,68378624,779,2376,1562,3513,532,4958338,55761,0,0,0,0
162,2,16.7819,2,11.15,5.17,16.32,115.75,0.25,5203554304,3607625728,8811180032,12015,2179,64516096,68378624,779,2376,1562,3513,532,4958338,55761,0,0,0,0
163,2,16.8843,2,11.16,5.19,16.35,116.53,0.25,5195096064,3607625728,8802721792,12015,2179,64516096,68378624,779,2376,1562,3514,533,4958468,55831,0,0,0,0
164,2,16.9898,2,11.17,5.19,16.36,117.36,0.25,5195096064,3607625728,8802721792,12015,2179,64516096,68378624,779,2376,1562,3514,533,4958468,55831,0,0,0,0
165,2,17.0956,2,11.17,5.21,16.38,118.18,0.25,5194858496,3607625728,8802484224,12017,2227,64524288,68673536,780,2705,1580,3514,533,4958468,55831,0,0,0,0
166,2,17.2009,2,11.18,5.21,16.39,119.01,0.25,5194858496,3607625728,8802484224,12017,2227,64524288,68673536,780,2705,1580,3514,533,4958468,55831,0,0,0,0
167,2,17.3068,2,11.19,5.21,16.4,119.84,0.25,5194858496,3607625728,8802484224,12017,2227,64524288,68673536,780,2705,1580,3514,533,4958468,55831,0,0,0,0
168,2,17.4119,2,11.19,5.21,16.4,120.67,0.25,5194858496,3607625728,8802484224,12017,2227,64524288,68673536,780,2705,1580,3514,533,4958468,55831,0,0,0,0
169,2,17.518,2,11.21,5.22,16.43,121.49,0.25,5196988416,3607625728,8804614144,12017,2227,64524288,68673536,780,2705,1584,3514,533,4958468,55831,0,0,0,0
170,2,17.6204,2,11.22,5.22,16.44,122.28,0.26,5196902400,3607625728,8804528128,12019,2235,64557056,68747264,794,2711,1602,3514,533,4958468,55831,0,0,0,0
171,2,17.7258,2,11.22,5.22,16.44,123.12,0.26,5196902400,3607625728,8804528128,12019,2235,64557056,68747264,794,2711,1602,3514,533,4958468,55831,0,0,0,0
172,2,17.832,2,11.25,5.26,16.509999999999998,123.88,0.26,5197414400,3607625728,8805040128,12019,2235,64557056,68747264,794,2711,1602,3514,533,4958468,55831,0,0,0,0
173,2,17.9374,2,11.35,5.34,16.689999999999998,124.52,0.26,5198430208,3607625728,8806055936,12019,2235,64557056,68747264,794,2711,1602,3514,533,4958468,55831,0,0,0,0
174,2,18.0461,2,11.42,5.41,16.83,125.22,0.26,5199478784,3607625728,8807104512,12019,2235,64557056,68747264,794,2711,1602,3514,533,4958468,55831,0,0,0,0
175,2,18.1487,2,11.48,5.48,16.96,125.91,0.26,5200510976,3607625728,8808136704,12020,2235,64561152,68747264,794,2711,1603,3514,533,4958468,55831,0,0,0,0
176,2,18.2513,2,11.51,5.51,17.02,126.66,0.26,5200769024,3607625728,8808394752,12020,2235,64561152,68747264,794,2711,1603,3516,533,4958942,55831,0,0,0,0
177,2,18.3606,2,11.52,5.52,17.04,127.51,0.26,5200769024,3607625728,8808394752,12020,2235,64561152,68747264,794,2711,1603,3516,533,4958942,55831,0,0,0,0
178,2,18.466,2,11.53,5.53,17.06,128.33,0.26,5200769024,3607625728,8808394752,12020,2235,64561152,68747264,794,2711,1603,3516,533,4958942,55831,0,0,0,0
179,2,18.5745,2,11.57,5.54,17.11,129.13,0.26,5200584704,3607625728,8808210432,12020,2235,64561152,68747264,794,2711,1603,3516,533,4958942,55831,0,0,0,0
180,2,18.6794,2,11.64,5.58,17.22,129.84,0.26,5196836864,3607625728,8804462592,12021,2235,64565248,68747264,794,2711,1604,3516,533,4958942,55831,0,0,0,0
181,2,18.7847,2,11.65,5.58,17.23,130.67,0.26,5196836864,3607625728,8804462592,12021,2235,64565248,68747264,794,2711,1604,3516,533,4958942,55831,0,0,0,0
182,2,18.8899,2,11.67,5.6,17.27,131.47,0.26,5196836864,3607625728,8804462592,12021,2235,64565248,68747264,794,2711,1604,3516,533,4958942,55831,0,0,0,0
183,2,18.9954,2,11.68,5.6,17.28,132.29,0.26,5196836864,3607625728,8804462592,12021,2235,64565248,68747264,794,2711,1604,3516,533,4958942,55831,0,0,0,0
184,2,19.1009,2,11.69,5.61,17.3,133.12,0.26,5196836864,3607625728,8804462592,12021,2235,64565248,68747264,794,2711,1604,3516,533,4958942,55831,0,0,0,0
185,2,19.2068,2,11.73,5.63,17.36,133.89,0.26,5197254656,3607625728,8804880384,12021,2235,64565248,68747264,794,2711,1604,3516,533,4958942,55831,0,0,0,0
186,2,19.312,2,11.84,5.71,17.55,134.52,0.26,5197238272,3607625728,8804864000,12021,2235,64565248,68747264,794,2711,1604,3516,533,4958942,55831,0,0,0,0
187,2,19.416,2,11.96,5.79,17.75,135.12,0.26,5200928768,3607101440,8808030208,12135,2235,65032192,68747264,794,2711,1610,3516,533,4958942,55831,0,0,0,0
188,2,19.5181,2,12.03,5.85,17.88,135.8,0.26,5192040448,3606839296,8798879744,12141,2235,65056768,68747264,794,2711,1614,3516,533,4958942,55831,0,0,0,0
189,2,19.6206,2,12.05,5.86,17.91,136.58,0.26,5192556544,3606839296,8799395840,12150,2235,65093632,68747264,794,2711,1615,3516,533,4958942,55831,0,0,0,0
190,2,19.7261,2,12.08,5.87,17.95,137.37,0.26,5192556544,3606839296,8799395840,12150,2235,65093632,68747264,794,2711,1615,3516,533,4958942,55831,0,0,0,0
191,2,19.8312,2,12.11,5.88,17.99,138.16,0.26,5192556544,3606839296,8799395840,12150,2235,65093632,68747264,794,2711,1615,3519,535,4959312,56075,0,0,0,0
192,2,19.9365,2,12.15,5.88,18.03,138.94,0.26,5192556544,3606839296,8799395840,12150,2235,65093632,68747264,794,2711,1615,3519,535,4959312,56075,0,0,0,0
193,2,20.042,2,12.18,5.89,18.07,139.75,0.26,5192556544,3606839296,8799395840,12150,2235,65093632,68747264,794,2711,1615,3519,535,4959312,56075,0,0,0,0
194,2,20.1473,2,12.19,5.9,18.09,140.55,0.26,5191946240,3606839296,8798785536,12151,2235,65097728,68747264,794,2711,1616,3519,535,4959312,56075,0,0,0,0
195,2,20.2545,2,12.39,5.96,18.35,141.12,0.26,5193695232,3606839296,8800534528,12155,2235,65114112,68747264,794,2711,1618,3519,535,4959312,56075,0,0,0,0
196,2,20.3564,2,12.48,5.98,18.46,141.82,0.26,5193678848,3606839296,8800518144,12156,2235,65118208,68747264,794,2711,1619,3519,535,4959312,56075,0,0,0,0
197,2,20.4606,2,12.55,6.0,18.55,142.55,0.26,5193936896,3606839296,8800776192,12156,2235,65118208,68747264,794,2711,1619,3519,535,4959312,56075,0,0,0,0
198,2,20.5657,2,12.66,6.08,18.740000000000002,143.16,0.26,5199486976,3606839296,8806326272,12157,2235,65122304,68747264,794,2711,1620,3519,535,4959312,56075,0,0,0,0
199,2,20.6686,2,12.75,6.14,18.89,143.81,0.26,5199998976,3606839296,8806838272,12157,2235,65122304,68747264,794,2711,1620,3519,535,4959312,56075,0,0,0,0
200,2,20.7703,2,12.81,6.19,19.0,144.51,0.26,5199736832,3606839296,8806576128,12157,2235,65122304,68747264,794,2711,1620,3519,535,4959312,56075,0,0,0,0
201,2,20.8734,2,12.87,6.2,19.07,145.25,0.26,5199736832,3606839296,8806576128,12157,2235,65122304,68747264,794,2711,1620,3519,535,4959312,56075,0,0,0,0
202,2,20.9789,2,12.9,6.21,19.11,146.04,0.26,5199736832,3606839296,8806576128,12157,2235,65122304,68747264,794,2711,1620,3519,535,4959312,56075,0,0,0,0
203,2,21.0843,2,12.91,6.21,19.12,146.87,0.26,5199736832,3606839296,8806576128,12157,2235,65122304,68747264,794,2711,1620,3519,535,4959312,56075,0,0,0,0
204,2,21.1905,2,12.92,6.21,19.13,147.71,0.26,5200007168,3606839296,8806846464,12157,2235,65122304,68747264,794,2711,1620,3519,535,4959312,56075,0,0,0,0
205,2,21.2959,2,12.92,6.21,19.13,148.54,0.26,5200007168,3606839296,8806846464,12157,2235,65122304,68747264,794,2711,1620,3519,535,4959312,56075,0,0,0,0
206,2,21.402,2,12.94,6.22,19.16,149.36,0.26,5200007168,3606839296,8806846464,12157,2235,65122304,68747264,794,2711,1620,3519,535,4959312,56075,0,0,0,0
207,2,21.5074,2,12.95,6.22,19.169999999999998,150.19,0.26,5200007168,3606839296,8806846464,12157,2235,65122304,68747264,794,2711,1620,3521,535,4959670,56075,0,0,0,0
208,2,21.6135,2,12.96,6.22,19.18,151.02,0.26,5200007168,3606839296,8806846464,12160,2235,65134592,68747264,794,2711,1622,3521,535,4959670,56075,0,0,0,0
209,2,21.7189,2,12.97,6.24,19.21,151.82,0.27,5199958016,3606839296,8806797312,12160,2239,65134592,69017600,794,2739,1638,3521,535,4959670,56075,0,0,0,0
210,2,21.8242,2,13.03,6.29,19.32,152.53,0.27,5199958016,3606839296,8806797312,12160,2239,65134592,69017600,794,2739,1638,3521,535,4959670,56075,0,0,0,0
211,2,21.9292,2,13.12,6.37,19.49,153.17,0.27,5199941632,3606839296,8806780928,12163,2239,65171456,69017600,808,2739,1655,3524,538,4959919,56536,0,0,0,0
212,2,22.0325,2,13.2,6.44,19.64,153.85,0.27,5198327808,3606839296,8805167104,12163,2239,65171456,69017600,808,2739,1655,3526,540,4960284,56711,0,0,0,0
213,2,22.1349,2,13.26,6.47,19.73,154.57,0.27,5191118848,3606839296,8797958144,12163,2239,65171456,69017600,808,2739,1655,3526,540,4960284,56711,0,0,0,0
214,2,22.2383,2,13.29,6.48,19.77,155.34,0.27,5191118848,3606839296,8797958144,12163,2239,65171456,69017600,808,2739,1655,3526,540,4960284,56711,0,0,0,0
215,2,22.3446,2,13.35,6.52,19.869999999999997,156.08,0.27,5191118848,3606839296,8797958144,12163,2239,65171456,69017600,808,2739,1655,3526,540,4960284,56711,0,0,0,0
216,2,22.4501,2,13.36,6.53,19.89,156.89,0.27,5191118848,3606839296,8797958144,12163,2239,65171456,69017600,808,2739,1655,3527,542,4960410,56905,0,0,0,0
217,2,22.5555,2,13.38,6.53,19.91,157.71,0.27,5191118848,3606839296,8797958144,12163,2239,65171456,69017600,808,2739,1655,3527,542,4960410,56905,0,0,0,0
218,2,22.6608,2,13.4,6.55,19.95,158.51,0.27,5193347072,3606839296,8800186368,12163,2239,65171456,69017600,808,2739,1655,3528,544,4960536,57099,0,0,0,0
219,2,22.7661,2,13.41,6.55,19.96,159.33,0.27,5193347072,3606839296,8800186368,12163,2239,65171456,69017600,808,2739,1655,3529,546,4960662,57293,0,0,0,0
220,2,22.8715,2,13.42,6.55,19.97,160.16,0.27,5193347072,3606839296,8800186368,12163,2239,65171456,69017600,808,2739,1655,3530,547,4960792,57363,0,0,0,0
221,2,22.9769,2,13.42,6.55,19.97,160.99,0.27,5193347072,3606839296,8800186368,12163,2239,65171456,69017600,808,2739,1655,3530,547,4960792,57363,0,0,0,0
222,2,23.0795,2,13.43,6.56,19.99,161.81,0.27,5193347072,3606839296,8800186368,12163,2239,65171456,69017600,808,2739,1655,3530,547,4960792,57363,0,0,0,0
223,2,23.185,2,13.48,6.61,20.09,162.53,0.27,5185056768,3606839296,8791896064,12163,2239,65171456,69017600,808,2739,1655,3530,547,4960792,57363,0,0,0,0
224,2,23.2877,2,13.54,6.65,20.189999999999998,163.23,0.27,5186478080,3606839296,8793317376,12165,2239,65179648,69017600,808,2739,1656,3530,547,4960792,57363,0,0,0,0
225,2,23.3898,2,13.58,6.69,20.27,163.95,0.27,5187510272,3606839296,8794349568,12165,2239,65179648,69017600,808,2739,1656,3530,547,4960792,57363,0,0,0,0
226,2,23.4951,2,13.59,6.7,20.29,164.78,0.27,5187510272,3606839296,8794349568,12165,2239,65179648,69017600,808,2739,1656,3530,547,4960792,57363,0,0,0,0
227,2,23.6005,2,13.62,6.7,20.32,165.58,0.27,5187510272,3606839296,8794349568,12166,2239,65183744,69017600,808,2739,1657,3530,547,4960792,57363,0,0,0,0
228,2,23.7058,2,13.63,6.71,20.34,166.4,0.27,5187510272,3606839296,8794349568,12166,2239,65183744,69017600,808,2739,1657,3530,547,4960792,57363,0,0,0,0
229,2,23.8112,2,13.63,6.72,20.35,167.23,0.27,5187510272,3606839296,8794349568,12166,2239,65183744,69017600,808,2739,1657,3530,547,4960792,57363,0,0,0,0
230,2,23.9174,2,13.66,6.72,20.38,168.04,0.27,5187510272,3606839296,8794349568,12166,2239,65183744,69017600,808,2739,1657,3530,547,4960792,57363,0,0,0,0
231,2,24.0226,2,13.66,6.72,20.38,168.87,0.27,5187510272,3606839296,8794349568,12166,2239,65183744,69017600,808,2739,1657,3530,547,4960792,57363,0,0,0,0
232,2,24.1278,2,13.67,6.73,20.4,169.7,0.27,5187948544,3606839296,8794787840,12166,2239,65183744,69017600,808,2739,1657,3531,548,4961850,57433,0,0,0,0
233,2,24.2328,2,13.67,6.74,20.41,170.5,0.28,5178621952,3606839296,8785461248,12167,2751,65187840,71245824,808,4045,1680,3531,548,4961850,57433,0,0,0,0
234,2,24.3356,2,13.68,6.77,20.45,171.29,0.28,5178880000,3606839296,8785719296,12167,2751,65187840,71245824,808,4045,1680,3531,548,4961850,57433,0,0,0,0
235,2,24.4409,2,13.74,6.82,20.560000000000002,172.0,0.28,5179138048,3606839296,8785977344,12167,2751,65187840,71245824,808,4045,1680,3531,548,4961850,57433,0,0,0,0
236,2,24.5459,2,13.83,6.89,20.72,172.68,0.28,5180170240,3606839296,8787009536,12168,2751,65191936,71245824,808,4045,1681,3531,548,4961850,57433,0,0,0,0
237,2,24.6477,2,13.89,6.95,20.84,173.35,0.28,5181460480,3606839296,8788299776,12169,2751,65196032,71245824,808,4045,1682,3531,548,4961850,57433,0,0,0,0
238,2,24.7498,2,13.91,6.96,20.87,174.13,0.28,5181460480,3606839296,8788299776,12170,2751,65200128,71245824,808,4045,1683,3531,548,4961850,57433,0,0,0,0
239,2,24.8551,2,13.91,6.96,20.87,174.97,0.28,5181460480,3606839296,8788299776,12170,2751,65200128,71245824,808,4045,1683,3531,548,4961850,57433,0,0,0,0
240,2,24.9606,2,13.91,6.97,20.88,175.8,0.28,5181460480,3606839296,8788299776,12170,2751,65200128,71245824,808,4045,1683,3531,548,4961850,57433,0,0,0,0
241,2,25.067,2,13.92,6.97,20.89,176.64,0.28,5181460480,3606839296,8788299776,12170,2751,65200128,71245824,808,4045,1683,3531,548,4961850,57433,0,0,0,0
242,2,25.1733,2,14.14,6.99,21.130000000000003,177.24,0.28,5169946624,3606839296,8776785920,12193,2751,65294336,71245824,808,4045,1693,3531,548,4961850,57433,0,0,0,0
243,2,25.2751,2,14.22,7.03,21.25,177.9,0.28,5173690368,3606839296,8780529664,12204,2751,65339392,71245824,808,4045,1697,3531,548,4961850,57433,0,0,0,0
244,2,25.3788,2,14.34,7.06,21.4,178.57,0.28,5173878784,3606839296,8780718080,12204,2751,65339392,71245824,808,4045,1697,3533,549,4962014,57531,0,0,0,0
245,2,25.4846,2,14.45,7.09,21.54,179.28,0.28,5171970048,3606839296,8778809344,12210,2751,65363968,71245824,808,4045,1701,3533,549,4962014,57531,0,0,0,0
246,2,25.5863,2,14.54,7.12,21.66,179.93,0.29,5171912704,3606839296,8778752000,12210,2763,65363968,71475200,808,4080,1727,3534,550,4963072,57601,0,0,0,0
247,2,25.6917,2,14.56,7.15,21.71,180.71,0.29,5171896320,3606839296,8778735616,12210,2763,65363968,71475200,808,4080,1727,3534,550,4963072,57601,0,0,0,0
248,2,25.7967,2,14.92,7.22,22.14,181.09,0.29,5153329152,3606839296,8760168448,12212,2763,65372160,71475200,808,4080,1728,3534,550,4963072,57601,0,0,0,0
249,2,25.8985,2,14.99,7.28,22.27,181.78,0.29,5154615296,3606839296,8761454592,12212,2763,65372160,71475200,808,4080,1728,3535,551,4963202,57671,0,0,0,0
250,2,26.0001,2,15.0,7.29,22.29,182.57,0.29,5155803136,3606839296,8762642432,12212,2763,65372160,71475200,808,4080,1728,3535,551,4963202,57671,0,0,0,0
251,2,26.1056,2,15.0,7.29,22.29,183.41,0.29,5155803136,3606839296,8762642432,12212,2763,65372160,71475200,808,4080,1728,3535,551,4963202,57671,0,0,0,0
252,2,26.212,2,15.0,7.29,22.29,184.25,0.29,5155803136,3606839296,8762642432,12212,2763,65372160,71475200,808,4080,1728,3535,551,4963202,57671,0,0,0,0
253,2,26.3186,2,15.02,7.31,22.33,185.06,0.29,5155803136,3606839296,8762642432,12212,2763,65372160,71475200,808,4080,1728,3537,553,4963342,57811,0,0,0,0
254,2,26.4238,2,15.35,7.34,22.689999999999998,185.51,0.29,5155803136,3606839296,8762642432,12212,2763,65372160,71475200,808,4080,1728,3537,553,4963342,57811,0,0,0,0
255,2,26.5261,2,15.43,7.36,22.79,186.23,0.29,5156319232,3606839296,8763158528,12212,2763,65372160,71475200,808,4080,1728,3541,556,4963692,58021,0,0,0,0
256,2,26.6305,2,15.55,7.39,22.94,186.9,0.29,5156835328,3606839296,8763674624,12214,2763,65380352,71475200,808,4080,1730,3541,556,4963692,58021,0,0,0,0
257,2,26.735,2,15.62,7.42,23.04,187.63,0.29,5156835328,3606839296,8763674624,12214,2763,65380352,71475200,808,4080,1730,3541,556,4963692,58021,0,0,0,0
258,2,26.8402,2,15.62,7.42,23.04,188.45,0.29,5156835328,3606839296,8763674624,12214,2763,65380352,71475200,808,4080,1730,3542,557,4963762,58091,0,0,0,0
259,2,26.946,2,15.66,7.44,23.1,189.23,0.29,5156835328,3606839296,8763674624,12214,2763,65380352,71475200,808,4080,1730,3542,557,4963762,58091,0,0,0,0
260,2,27.051,2,15.73,7.5,23.23,189.91,0.29,5156835328,3606839296,8763674624,12214,2763,65380352,71475200,808,4080,1730,3542,557,4963762,58091,0,0,0,0
261,2,27.1532,2,15.8,7.56,23.36,190.59,0.29,5158576128,3606839296,8765415424,12216,2763,65388544,71475200,808,4080,1731,3542,557,4963762,58091,0,0,0,0
262,2,27.2553,2,15.91,7.64,23.55,191.2,0.29,5159378944,3606839296,8766218240,12216,2763,65388544,71475200,808,4080,1731,3542,557,4963762,58091,0,0,0,0
263,2,27.3571,2,16.05,7.65,23.700000000000003,191.83,0.3,5156966400,3606839296,8763805696,12222,2763,65462272,71475200,823,4080,1752,3542,557,4963762,58091,0,0,0,0
264,2,27.4586,2,16.11,7.67,23.78,192.56,0.3,5157195776,3606839296,8764035072,12222,2763,65462272,71475200,823,4080,1752,3542,557,4963762,58091,0,0,0,0
265,2,27.5616,2,16.16,7.7,23.86,193.28,0.3,5157195776,3606839296,8764035072,12223,2763,65466368,71475200,823,4080,1753,3545,559,4964057,58301,0,0,0,0
266,2,27.6674,2,16.19,7.71,23.900000000000002,194.08,0.3,5157195776,3606839296,8764035072,12223,2763,65466368,71475200,823,4080,1753,3545,559,4964057,58301,0,0,0,0
267,2,27.773,2,16.2,7.71,23.91,194.91,0.3,5157195776,3606839296,8764035072,12223,2763,65466368,71475200,823,4080,1753,3545,559,4964057,58301,0,0,0,0
268,2,27.8791,2,16.21,7.72,23.93,195.74,0.3,5157195776,3606839296,8764035072,12223,2763,65466368,71475200,823,4080,1753,3545,559,4964057,58301,0,0,0,0
269,2,27.9853,2,16.24,7.72,23.959999999999997,196.55,0.3,5157195776,3606839296,8764035072,12223,2763,65466368,71475200,823,4080,1753,3545,559,4964057,58301,0,0,0,0
270,2,28.0915,2,16.37,7.76,24.130000000000003,197.21,0.3,5157195776,3606839296,8764035072,12223,2763,65466368,71475200,823,4080,1753,3545,559,4964057,58301,0,0,0,0
271,2,28.1972,2,16.48,7.79,24.27,197.9,0.3,5157711872,3606839296,8764551168,12230,2763,65495040,71475200,823,4080,1757,3545,559,4964057,58301,0,0,0,0
272,2,28.2988,2,16.59,7.87,24.46,198.51,0.3,5157711872,3606839296,8764551168,12230,2763,65495040,71475200,823,4080,1757,3545,559,4964057,58301,0,0,0,0
273,2,28.4009,2,16.65,7.93,24.58,199.19,0.3,5158486016,3606839296,8765325312,12231,2763,65499136,71475200,823,4080,1758,3545,559,4964057,58301,0,0,0,0
274,2,28.5025,2,16.7,7.99,24.689999999999998,199.9,0.3,5159002112,3606839296,8765841408,12231,2763,65499136,71475200,823,4080,1758,3545,559,4964057,58301,0,0,0,0
275,2,28.6051,2,16.71,7.99,24.700000000000003,200.69,0.3,5159002112,3606839296,8765841408,12231,2763,65499136,71475200,823,4080,1758,3545,559,4964057,58301,0,0,0,0
276,2,28.7107,2,16.73,8.0,24.73,201.52,0.3,5158993920,3606839296,8765833216,12234,2763,65511424,71475200,823,4080,1759,3545,559,4964057,58301,0,0,0,0
277,2,28.8171,2,16.73,8.0,24.73,202.35,0.3,5158993920,3606839296,8765833216,12234,2763,65511424,71475200,823,4080,1759,3545,559,4964057,58301,0,0,0,0
278,2,28.9226,2,16.74,8.0,24.74,203.19,0.3,5158993920,3606839296,8765833216,12234,2763,65511424,71475200,823,4080,1759,3545,559,4964057,58301,0,0,0,0
279,2,29.0288,2,16.75,8.01,24.759999999999998,204.02,0.3,5158993920,3606839296,8765833216,12235,2763,65515520,71475200,823,4080,1760,3546,560,4964187,58371,0,0,0,0
280,2,29.1348,2,16.76,8.01,24.770000000000003,204.85,0.3,5159833600,3606839296,8766672896,12235,2763,65515520,71475200,823,4080,1760,3546,560,4964187,58371,0,0,0,0
281,2,29.2399,2,16.77,8.01,24.78,205.68,0.3,5159833600,3606839296,8766672896,12235,2763,65515520,71475200,823,4080,1760,3546,560,4964187,58371,0,0,0,0
282,2,29.3452,2,16.78,8.01,24.79,206.5,0.3,5157212160,3606839296,8764051456,12235,2763,65515520,71475200,823,4080,1760,3546,560,4964187,58371,0,0,0,0
283,2,29.4518,2,16.79,8.02,24.81,207.33,0.3,5157212160,3606839296,8764051456,12235,2763,65515520,71475200,823,4080,1760,3546,560,4964187,58371,0,0,0,0
284,2,29.5543,2,16.84,8.07,24.91,208.02,0.3,5157724160,3606839296,8764563456,12235,2763,65515520,71475200,823,4080,1760,3546,560,4964187,58371,0,0,0,0
285,2,29.6592,2,16.91,8.14,25.05,208.69,0.3,5157724160,3606839296,8764563456,12238,2763,65527808,71475200,823,4080,1761,3546,560,4964187,58371,0,0,0,0
286,2,29.7618,2,16.99,8.2,25.189999999999998,209.37,0.3,5157982208,3606839296,8764821504,12238,2763,65527808,71475200,823,4080,1761,3546,560,4964187,58371,0,0,0,0
287,2,29.8643,2,17.05,8.28,25.33,210.04,0.3,5154512896,3606577152,8761090048,12248,2811,65658880,79699968,824,4248,1784,3546,560,4964187,58371,0,0,0,0
288,2,29.9671,2,17.07,8.28,25.35,210.83,0.3,5154512896,3606577152,8761090048,12248,2811,65658880,79699968,824,4248,1784,3546,560,4964187,58371,0,0,0,0
289,2,30.0729,2,17.12,8.3,25.42,211.59,0.3,5153738752,3606577152,8760315904,12249,2811,65662976,79699968,824,4248,1785,3546,560,4964187,58371,0,0,0,0
290,2,30.1791,2,17.19,8.33,25.520000000000003,212.32,0.3,5155381248,3606577152,8761958400,12249,2811,65662976,79699968,824,4248,1785,3546,560,4964187,58371,0,0,0,0
291,2,30.2847,2,17.34,8.4,25.740000000000002,212.94,0.3,5155627008,3606577152,8762204160,12249,2811,65662976,79699968,824,4248,1785,3546,560,4964187,58371,0,0,0,0
292,2,30.3865,2,17.41,8.42,25.83,213.64,0.3,5155868672,3606577152,8762445824,12249,2815,65662976,79724544,824,4276,1801,3546,560,4964187,58371,0,0,0,0
293,2,30.4924,2,17.52,8.46,25.98,214.31,0.3,5155868672,3606577152,8762445824,12249,2815,65662976,79724544,824,4276,1801,3546,560,4964187,58371,0,0,0,0
294,2,30.5978,2,17.58,8.48,26.06,215.07,0.3,5155868672,3606315008,8762183680,12268,2815,65740800,79724544,825,4276,1806,3546,560,4964187,58371,0,0,0,0
295,2,30.7035,2,17.6,8.48,26.080000000000002,215.88,0.3,5155868672,3606315008,8762183680,12268,2815,65740800,79724544,825,4276,1806,3546,560,4964187,58371,0,0,0,0
296,2,30.809,2,17.66,8.51,26.17,216.62,0.3,5156118528,3606315008,8762433536,12268,2815,65740800,79724544,825,4276,1806,3546,560,4964187,58371,0,0,0,0
297,2,30.9145,2,17.73,8.55,26.28,217.33,0.3,5156118528,3606315008,8762433536,12268,2817,65740800,79732736,825,4291,1822,3546,560,4964187,58371,0,0,0,0
298,2,31.0167,2,17.8,8.61,26.41,217.99,0.3,5147586560,3606315008,8753901568,12268,2817,65740800,79732736,825,4291,1822,3546,560,4964187,58371,0,0,0,0
299,2,31.1205,2,17.89,8.69,26.58,218.64,0.3,5148721152,3606315008,8755036160,12268,2817,65740800,79732736,825,4291,1822,3546,560,4964187,58371,0,0,0,0
300,2,31.2229,2,17.95,8.72,26.67,219.36,0.3,5148721152,3606315008,8755036160,12268,2817,65740800,79732736,825,4291,1822,3546,560,4964187,58371,0,0,0,0
301,2,31.3279,2,17.99,8.73,26.72,220.12,0.3,5148721152,3606315008,8755036160,12268,2817,65740800,79732736,825,4291,1822,3546,560,4964187,58371,0,0,0,0
302,2,31.4331,2,18.1,8.78,26.880000000000003,220.79,0.3,5148655616,3606315008,8754970624,12268,2817,65740800,79732736,825,4291,1822,3546,560,4964187,58371,0,0,0,0
303,2,31.5384,2,18.23,8.81,27.04,221.46,0.3,5149429760,3606315008,8755744768,12268,2817,65740800,79732736,825,4291,1822,3546,560,4964187,58371,0,0,0,0
304,2,31.6404,2,18.33,8.83,27.159999999999997,222.13,0.3,5149429760,3606315008,8755744768,12268,2817,65740800,79732736,825,4291,1822,3546,560,4964187,58371,0,0,0,0
305,2,31.747,2,18.42,8.86,27.28,222.83,0.32,5149310976,3606315008,8755625984,12268,2855,65740800,80052224,825,4342,1868,3546,560,4964187,58371,0,0,0,0
306,2,31.8524,2,18.45,8.87,27.32,223.61,0.32,5149310976,3606315008,8755625984,12268,2855,65740800,80052224,825,4342,1868,3546,560,4964187,58371,0,0,0,0
307,2,31.9575,2,18.48,8.88,27.36,224.39,0.32,5149310976,3606315008,8755625984,12268,2860,65740800,80117760,825,4365,1890,3547,561,4964317,58441,0,0,0,0
308,2,32.063,2,18.54,8.9,27.439999999999998,225.12,0.32,5149487104,3606315008,8755802112,12268,2862,65740800,80125952,825,4368,1890,3547,561,4964317,58441,0,0,0,0
309,2,32.1693,2,18.6,8.95,27.55,225.86,0.32,5149487104,3606315008,8755802112,12268,2862,65740800,80125952,825,4368,1890,3547,561,4964317,58441,0,0,0,0
310,2,32.2747,2,18.7,9.04,27.74,226.48,0.32,5148688384,3606315008,8755003392,12269,2862,65744896,80125952,825,4368,1891,3547,561,4964317,58441,0,0,0,0
311,2,32.3763,2,18.77,9.09,27.86,227.12,0.34,5140000768,3606315008,8746315776,12269,2910,65744896,80543744,825,4411,1937,3547,561,4964317,58441,0,0,0,0
312,2,32.4782,2,18.83,9.13,27.96,227.83,0.34,5140516864,3606315008,8746831872,12269,2910,65744896,80543744,825,4411,1937,3548,563,4964443,58635,0,0,0,0
313,2,32.5833,2,18.89,9.15,28.04,228.57,0.34,5140516864,3606315008,8746831872,12269,2910,65744896,80543744,825,4411,1937,3548,564,4964443,58759,0,0,0,0
314,2,32.6888,2,18.96,9.18,28.14,229.3,0.34,5140516864,3606315008,8746831872,12269,2910,65744896,80543744,825,4411,1937,3549,565,4964569,58829,0,0,0,0
315,2,32.7944,2,19.02,9.2,28.22,230.02,0.36,5140516864,3606315008,8746831872,12269,2947,65744896,80863232,825,4466,1982,3550,567,4964695,59023,0,0,0,0
316,2,32.9001,2,19.06,9.22,28.28,230.8,0.36,5140516864,3606315008,8746831872,12269,2947,65744896,80863232,825,4466,1982,3550,567,4964695,59023,0,0,0,0
317,2,33.0061,2,19.06,9.22,28.28,231.64,0.36,5140516864,3606315008,8746831872,12269,2947,65744896,80863232,825,4466,1982,3550,567,4964695,59023,0,0,0,0
318,2,33.1121,2,19.07,9.22,28.29,232.48,0.36,5140516864,3606315008,8746831872,12269,2947,65744896,80863232,825,4466,1982,3550,567,4964695,59023,0,0,0,0
319,2,33.2175,2,19.11,9.23,28.34,233.27,0.36,5141217280,3606315008,8747532288,12269,2947,65744896,80863232,825,4466,1982,3550,567,4964695,59023,0,0,0,0
320,2,33.3246,2,19.11,9.24,28.35,234.1,0.36,5143511040,3606315008,8749826048,12269,2947,65744896,80863232,825,4466,1982,3550,567,4964695,59023,0,0,0,0
321,2,33.4299,2,19.23,9.3,28.53,234.74,0.36,5146112000,3606315008,8752427008,12269,2947,65744896,80863232,825,4466,1982,3550,567,4964695,59023,0,0,0,0
322,2,33.535,2,19.32,9.37,28.689999999999998,235.4,0.36,5139283968,3606315008,8745598976,12269,2947,65744896,80863232,825,4466,1982,3550,567,4964695,59023,0,0,0,0
323,2,33.6389,2,19.38,9.45,28.83,236.07,0.36,5140525056,3606315008,8746840064,12272,2953,65757184,81215488,825,4511,2000,3550,567,4964695,59023,0,0,0,0
324,2,33.7415,2,19.43,9.51,28.939999999999998,236.76,0.36,5140525056,3606315008,8746840064,12272,2953,65757184,81215488,825,4511,2000,3550,567,4964695,59023,0,0,0,0
325,2,33.8443,2,19.44,9.52,28.96,237.55,0.36,5141041152,3606315008,8747356160,12272,2953,65757184,81215488,825,4511,2000,3551,567,4964785,59023,0,0,0,0
326,2,33.9499,2,19.46,9.53,28.990000000000002,238.36,0.36,5141041152,3606315008,8747356160,12272,2953,65757184,81215488,825,4511,2000,3551,567,4964785,59023,0,0,0,0
327,2,34.0559,2,19.52,9.54,29.06,239.11,0.36,5141041152,3606315008,8747356160,12272,2953,65757184,81215488,825,4511,2000,3551,567,4964785,59023,0,0,0,0
328,2,34.162,2,19.58,9.57,29.15,239.85,0.36,5141032960,3606315008,8747347968,12272,2953,65757184,81215488,825,4511,2000,3551,567,4964785,59023,0,0,0,0
329,2,34.2672,2,19.69,9.61,29.3,240.5,0.36,5140766720,3606315008,8747081728,12272,2953,65757184,81215488,825,4511,2000,3551,567,4964785,59023,0,0,0,0
330,2,34.3705,2,19.75,9.64,29.39,241.22,0.36,5140766720,3606315008,8747081728,12272,2953,65757184,81215488,825,4511,2000,3551,567,4964785,59023,0,0,0,0
331,2,34.474,2,19.88,9.73,29.61,241.8,0.37,5144502272,3606315008,8750817280,12290,3001,66052096,93798400,842,4539,2079,3551,567,4964785,59023,0,0,0,0
332,2,34.5774,2,19.96,9.84,29.8,242.41,0.38,5148430336,3606052864,8754483200,12320,3833,66519040,139894784,845,4628,2190,3551,567,4964785,59023,0,0,0,0
333,2,34.6792,2,20.02,9.86,29.88,243.13,0.38,5148430336,3606052864,8754483200,12320,3833,66519040,139894784,845,4628,2190,3551,567,4964785,59023,0,0,0,0
334,2,34.7844,2,20.06,9.88,29.939999999999998,243.89,0.38,5148946432,3606052864,8754999296,12320,3833,66519040,139894784,845,4628,2190,3551,567,4964785,59023,0,0,0,0
335,2,34.8895,2,20.12,9.97,30.090000000000003,244.57,0.38,5148680192,3606052864,8754733056,12324,3837,66560000,140066816,849,4632,2202,3551,567,4964785,59023,0,0,0,0
336,2,34.992,2,20.21,10.03,30.240000000000002,245.21,0.38,5148680192,3606052864,8754733056,12324,3837,66560000,140066816,849,4632,2202,3553,569,4964985,59163,0,0,0,0
